,policyID,eq_site_limit,hu_site_limit,fl_site_limit,fr_site_limit,tiv_2011,tiv_2012,eq_site_deductible,hu_site_deductible,fl_site_deductible,fr_site_deductible,point_latitude,point_longitude,point_granularity
mean,548661.9371894961,731478.0068460993,2074347.928475733,664600.9370284434,991172.3558606758,2172875.000322924,2571004.0973420865,778.7908036250478,7037.984547141999,192.45321013266363,26.483594475077798,28.087476512229077,-81.90356506136375,1.6409073538243162
count,36634.0,36634.0,36634.0,36634.0,36634.0,36634.0,36634.0,36634.0,36634.0,36634.0,36634.0,36634.0,36634.0,36634.0
