,policyID,eq_site_limit,hu_site_limit,fl_site_limit,fr_site_limit,tiv_2011,tiv_2012,eq_site_deductible,hu_site_deductible,fl_site_deductible,fr_site_deductible,point_latitude,point_longitude,point_granularity
count,36634.0,36634.0,36634.0,36634.0,36634.0,36634.0,36634.0,36634.0,36634.0,36634.0,36634.0,36634.0,36634.0,36634.0
mean,548661.9371894961,731478.0068460993,2074347.928475733,664600.9370284434,991172.3558606758,2172875.000322924,2571004.0973420865,778.7908036250478,7037.984547141999,192.45321013266363,26.483594475077798,28.087476512229077,-81.90356506136375,1.6409073538243162
std,259912.9264939009,17523003.588415086,19641497.135376956,17461144.429812975,17671776.714886628,20150151.203413785,20367766.569178067,47879.79452114161,95825.9266825807,8037.713716372884,4702.7409317713345,1.6477340997687822,1.8090664426440293,1.0705613012474484
min,100074.0,0.0,0.0,0.0,0.0,90.0,73.37,0.0,0.0,0.0,0.0,24.547514000000003,-87.44729,1.0
25%,323647.75,0.0,42481.06,0.0,0.0,45624.149999999994,54013.512500000004,0.0,0.0,0.0,0.0,26.471996250000004,-82.43933100000001,1.0
50%,548525.0,0.0,192691.085,0.0,0.0,202105.065,241630.985,0.0,0.0,0.0,0.0,28.057077,-81.5857,1.0
75%,774252.0,0.0,916338.06,0.0,57410.1,946582.1325000001,1128871.1824999999,0.0,0.0,0.0,0.0,29.623005,-80.37291,3.0
max,999971.0,2160000000.0,2160000000.0,2160000000.0,2160000000.0,2160000000.0,1701000000.0,6273765.0,7380000.0,450000.0,900000.0,30.98982,-80.03325699999999,7.0
